{"blt2b63c84309226e54":{"title":"Company Name","tags":[],"locale":"en-us","ACL":{},"logo":{"uid":"blt3b61340f4289a960","created_at":"2023-09-11T09:13:09.806Z","updated_at":"2023-09-11T09:13:09.806Z","created_by":"blt484b7e4e3d1b7f76","updated_by":"blt484b7e4e3d1b7f76","content_type":"image/svg+xml","file_size":"11085","tags":[],"filename":"company-logo.svg","url":"https://images.contentstack.io/v3/assets/blt64417387a9900c28/blt3b61340f4289a960/64feda254fed468bf40bb42a/company-logo.svg","ACL":[],"is_dir":false,"parent_uid":"blt1757b712ab7dd809","_version":1,"title":"Company Logo","description":"","publish_details":[{"environment":"blt01211dce8133b19c","locale":"fr-fr","time":"2023-09-11T09:13:10.297Z","user":"blt484b7e4e3d1b7f76","version":1},{"environment":"bltc482e7f6f847a6e9","locale":"fr-fr","time":"2023-09-11T09:13:10.300Z","user":"blt484b7e4e3d1b7f76","version":1},{"environment":"blt22b02b48e27f028c","locale":"fr-fr","time":"2023-09-11T09:13:10.303Z","user":"blt484b7e4e3d1b7f76","version":1},{"environment":"blt01211dce8133b19c","locale":"en-us","time":"2023-09-11T09:13:10.306Z","user":"blt484b7e4e3d1b7f76","version":1},{"environment":"bltc482e7f6f847a6e9","locale":"en-us","time":"2023-09-11T09:13:10.309Z","user":"blt484b7e4e3d1b7f76","version":1},{"environment":"blt22b02b48e27f028c","locale":"en-us","time":"2023-09-11T09:13:10.312Z","user":"blt484b7e4e3d1b7f76","version":1}]},"navigation":{"link":[{"title":"Home","href":"/"},{"title":"About Us","href":"/about-us"},{"title":"Blog","href":"/blog"},{"title":"Contact Us","href":"/contact-us"}]},"social":{"social_share":[{"link":{"title":"Facebook","href":"https://facebook.com"},"_metadata":{"uid":"cse6d685cfbfbdb88e"},"icon":{"uid":"blt065fcd42f028f7b3","created_at":"2023-09-11T09:13:28.149Z","updated_at":"2023-09-11T09:13:28.149Z","created_by":"blt484b7e4e3d1b7f76","updated_by":"blt484b7e4e3d1b7f76","content_type":"image/svg+xml","file_size":"1288","tags":[],"filename":"facebook.svg","url":"https://images.contentstack.io/v3/assets/blt64417387a9900c28/blt065fcd42f028f7b3/64feda38aced762aeb7126fd/facebook.svg","ACL":[],"is_dir":false,"parent_uid":"blt293753bf56bacc1f","_version":1,"title":"facebook.svg","publish_details":[{"environment":"blt01211dce8133b19c","locale":"fr-fr","time":"2023-09-11T09:13:28.684Z","user":"blt484b7e4e3d1b7f76","version":1},{"environment":"bltc482e7f6f847a6e9","locale":"fr-fr","time":"2023-09-11T09:13:28.687Z","user":"blt484b7e4e3d1b7f76","version":1},{"environment":"blt22b02b48e27f028c","locale":"fr-fr","time":"2023-09-11T09:13:28.690Z","user":"blt484b7e4e3d1b7f76","version":1},{"environment":"blt01211dce8133b19c","locale":"en-us","time":"2023-09-11T09:13:28.693Z","user":"blt484b7e4e3d1b7f76","version":1},{"environment":"bltc482e7f6f847a6e9","locale":"en-us","time":"2023-09-11T09:13:28.696Z","user":"blt484b7e4e3d1b7f76","version":1},{"environment":"blt22b02b48e27f028c","locale":"en-us","time":"2023-09-11T09:13:28.698Z","user":"blt484b7e4e3d1b7f76","version":1}]}},{"link":{"title":"Twitter","href":"https://twitter.com"},"_metadata":{"uid":"cs9b5ab179b07336ff"},"icon":{"uid":"blt3d6638e8bc350470","created_at":"2023-09-11T09:13:43.605Z","updated_at":"2023-09-11T09:13:43.605Z","created_by":"blt484b7e4e3d1b7f76","updated_by":"blt484b7e4e3d1b7f76","content_type":"image/svg+xml","file_size":"1436","tags":[],"filename":"Twitter.svg","url":"https://images.contentstack.io/v3/assets/blt64417387a9900c28/blt3d6638e8bc350470/64feda4752675bdcf9e658e9/Twitter.svg","ACL":[],"is_dir":false,"parent_uid":"blt293753bf56bacc1f","_version":1,"title":"Twitter.svg","publish_details":[{"environment":"blt01211dce8133b19c","locale":"fr-fr","time":"2023-09-11T09:13:44.286Z","user":"blt484b7e4e3d1b7f76","version":1},{"environment":"bltc482e7f6f847a6e9","locale":"fr-fr","time":"2023-09-11T09:13:44.290Z","user":"blt484b7e4e3d1b7f76","version":1},{"environment":"blt22b02b48e27f028c","locale":"fr-fr","time":"2023-09-11T09:13:44.292Z","user":"blt484b7e4e3d1b7f76","version":1},{"environment":"blt01211dce8133b19c","locale":"en-us","time":"2023-09-11T09:13:44.296Z","user":"blt484b7e4e3d1b7f76","version":1},{"environment":"bltc482e7f6f847a6e9","locale":"en-us","time":"2023-09-11T09:13:44.298Z","user":"blt484b7e4e3d1b7f76","version":1},{"environment":"blt22b02b48e27f028c","locale":"en-us","time":"2023-09-11T09:13:44.301Z","user":"blt484b7e4e3d1b7f76","version":1}]}},{"link":{"title":"Instagram","href":"https://www.instagram.com/"},"_metadata":{"uid":"cs0f2ca86ffe3e8bf7"},"icon":{"uid":"bltb29f372186427d78","created_at":"2023-09-11T09:13:13.263Z","updated_at":"2023-09-11T09:13:13.263Z","created_by":"blt484b7e4e3d1b7f76","updated_by":"blt484b7e4e3d1b7f76","content_type":"image/svg+xml","file_size":"806","tags":[],"filename":"Instagram.svg","url":"https://images.contentstack.io/v3/assets/blt64417387a9900c28/bltb29f372186427d78/64feda29a1a2caf43a2ad8bb/Instagram.svg","ACL":[],"is_dir":false,"parent_uid":"blt293753bf56bacc1f","_version":1,"title":"Instagram.svg","description":"","publish_details":[{"environment":"blt01211dce8133b19c","locale":"fr-fr","time":"2023-09-11T09:13:13.790Z","user":"blt484b7e4e3d1b7f76","version":1},{"environment":"bltc482e7f6f847a6e9","locale":"fr-fr","time":"2023-09-11T09:13:13.795Z","user":"blt484b7e4e3d1b7f76","version":1},{"environment":"blt22b02b48e27f028c","locale":"fr-fr","time":"2023-09-11T09:13:13.800Z","user":"blt484b7e4e3d1b7f76","version":1},{"environment":"blt01211dce8133b19c","locale":"en-us","time":"2023-09-11T09:13:13.806Z","user":"blt484b7e4e3d1b7f76","version":1},{"environment":"bltc482e7f6f847a6e9","locale":"en-us","time":"2023-09-11T09:13:13.811Z","user":"blt484b7e4e3d1b7f76","version":1},{"environment":"blt22b02b48e27f028c","locale":"en-us","time":"2023-09-11T09:13:13.815Z","user":"blt484b7e4e3d1b7f76","version":1}]}}]},"copyright":{"attrs":{},"children":[{"type":"p","attrs":{},"children":[{"text":"Copyright © 2022. LogoIpsum. All rights reserved."}],"uid":"01cc8d6e8f954d489ffa68cdb6f1b678"}],"type":"doc","uid":"71bf918db12243e38d9459d3b74b2061","_version":1},"uid":"blt2b63c84309226e54","_version":1,"_in_progress":false,"publish_details":[{"environment":"blt01211dce8133b19c","locale":"en-us","time":"2023-09-11T09:14:00.119Z","user":"blt484b7e4e3d1b7f76","version":1},{"environment":"bltc482e7f6f847a6e9","locale":"en-us","time":"2023-09-11T09:14:00.122Z","user":"blt484b7e4e3d1b7f76","version":1},{"environment":"blt22b02b48e27f028c","locale":"en-us","time":"2023-09-11T09:14:00.125Z","user":"blt484b7e4e3d1b7f76","version":1}]}}