{"bltb51102cd512755ca":{"title":"Company Name","logo":{"uid":"blt3b61340f4289a960","created_at":"2023-09-11T09:13:09.806Z","updated_at":"2023-09-11T09:13:09.806Z","created_by":"blt484b7e4e3d1b7f76","updated_by":"blt484b7e4e3d1b7f76","content_type":"image/svg+xml","file_size":"11085","tags":[],"filename":"company-logo.svg","url":"https://images.contentstack.io/v3/assets/blt64417387a9900c28/blt3b61340f4289a960/64feda254fed468bf40bb42a/company-logo.svg","ACL":[],"is_dir":false,"parent_uid":"blt1757b712ab7dd809","_version":1,"title":"Company Logo","description":"","publish_details":[{"environment":"blt01211dce8133b19c","locale":"fr-fr","time":"2023-09-11T09:13:10.297Z","user":"blt484b7e4e3d1b7f76","version":1},{"environment":"bltc482e7f6f847a6e9","locale":"fr-fr","time":"2023-09-11T09:13:10.300Z","user":"blt484b7e4e3d1b7f76","version":1},{"environment":"blt22b02b48e27f028c","locale":"fr-fr","time":"2023-09-11T09:13:10.303Z","user":"blt484b7e4e3d1b7f76","version":1},{"environment":"blt01211dce8133b19c","locale":"en-us","time":"2023-09-11T09:13:10.306Z","user":"blt484b7e4e3d1b7f76","version":1},{"environment":"bltc482e7f6f847a6e9","locale":"en-us","time":"2023-09-11T09:13:10.309Z","user":"blt484b7e4e3d1b7f76","version":1},{"environment":"blt22b02b48e27f028c","locale":"en-us","time":"2023-09-11T09:13:10.312Z","user":"blt484b7e4e3d1b7f76","version":1}]},"tags":[],"locale":"en-us","ACL":{},"navigation_menu":[{"label":"Home","_metadata":{"uid":"cs69550988926e85d9"},"page_reference":[{"uid":"blte7e496a04a6dcf41","_content_type_uid":"page"}]},{"label":"About Us","_metadata":{"uid":"cscf5318e5388812b4"},"page_reference":[{"uid":"bltecfdd13add0b0d37","_content_type_uid":"page"}]},{"label":"Blog","_metadata":{"uid":"cs32274bbf10a21bec"},"page_reference":[{"uid":"bltc30fbb7640a8d0b3","_content_type_uid":"page"}]},{"label":"Contact Us","_metadata":{"uid":"cs46f9812a50d8309c"},"page_reference":[{"uid":"bltff744322d14c7207","_content_type_uid":"page"}]}],"notification_bar":{"show_announcement":true,"announcement_text":{"attrs":{},"children":[{"type":"p","attrs":{},"children":[{"text":"To Our Community: Please read this important update."}],"uid":"d0304418fdfc4a2fb675e19e714bb3a2"}],"type":"doc","uid":"ea6ade72e11748588d4f3923fccb50b4","_version":2}},"uid":"bltb51102cd512755ca","_version":2,"_in_progress":false,"publish_details":[{"environment":"blt01211dce8133b19c","locale":"en-us","time":"2023-09-11T09:13:59.829Z","user":"blt484b7e4e3d1b7f76","version":2},{"environment":"bltc482e7f6f847a6e9","locale":"en-us","time":"2023-09-11T09:13:59.834Z","user":"blt484b7e4e3d1b7f76","version":2},{"environment":"blt22b02b48e27f028c","locale":"en-us","time":"2023-09-11T09:13:59.838Z","user":"blt484b7e4e3d1b7f76","version":2}]}}