{"blt22b02b48e27f028c":{"stackHeaders":{"api_key":"blt64417387a9900c28"},"urlPath":"/environments/development","urls":[{"url":"http://localhost:3000","locale":"en-us"}],"name":"development","_version":2,"uid":"blt22b02b48e27f028c","created_by":"blt484b7e4e3d1b7f76","updated_by":"blt484b7e4e3d1b7f76","created_at":"2023-09-11T09:12:46.932Z","updated_at":"2023-09-11T09:12:46.932Z"},"bltc482e7f6f847a6e9":{"stackHeaders":{"api_key":"blt64417387a9900c28"},"urlPath":"/environments/preview","urls":[{"url":"","locale":"en-us"}],"name":"preview","_version":1,"uid":"bltc482e7f6f847a6e9","created_by":"blt484b7e4e3d1b7f76","updated_by":"blt484b7e4e3d1b7f76","created_at":"2023-09-11T09:12:46.929Z","updated_at":"2023-09-11T09:12:46.929Z"},"blt01211dce8133b19c":{"stackHeaders":{"api_key":"blt64417387a9900c28"},"urlPath":"/environments/production","urls":[{"url":"","locale":"en-us"}],"name":"production","_version":2,"uid":"blt01211dce8133b19c","created_by":"blt484b7e4e3d1b7f76","updated_by":"blt484b7e4e3d1b7f76","created_at":"2023-09-11T09:12:46.867Z","updated_at":"2023-09-11T09:12:46.867Z"}}