{"blteb241d9b5ccd8a5d":{"title":"Robotics – Changing Our Lives and Future","url":"/blog/robotics-changing-our-lives-and-future","author":[{"uid":"blt3045bf9709d4f3e7","_content_type_uid":"author"}],"date":"2021-02-09T08:10:18.000Z","featured_image":{"uid":"bltf7b2826f649482ba","created_at":"2023-09-11T09:13:08.394Z","updated_at":"2023-09-11T09:13:08.394Z","created_by":"blt484b7e4e3d1b7f76","updated_by":"blt484b7e4e3d1b7f76","content_type":"image/svg+xml","file_size":"32524","tags":[],"filename":"data-mining.svg","url":"https://images.contentstack.io/v3/assets/blt64417387a9900c28/bltf7b2826f649482ba/64feda24409183b38ab99941/data-mining.svg","ACL":[],"is_dir":false,"parent_uid":"blt2328bf9ca02d1acb","_version":1,"title":"Data Mining","description":"","publish_details":[{"environment":"blt01211dce8133b19c","locale":"fr-fr","time":"2023-09-11T09:13:08.973Z","user":"blt484b7e4e3d1b7f76","version":1},{"environment":"bltc482e7f6f847a6e9","locale":"fr-fr","time":"2023-09-11T09:13:08.976Z","user":"blt484b7e4e3d1b7f76","version":1},{"environment":"blt22b02b48e27f028c","locale":"fr-fr","time":"2023-09-11T09:13:08.978Z","user":"blt484b7e4e3d1b7f76","version":1},{"environment":"blt01211dce8133b19c","locale":"en-us","time":"2023-09-11T09:13:08.982Z","user":"blt484b7e4e3d1b7f76","version":1},{"environment":"bltc482e7f6f847a6e9","locale":"en-us","time":"2023-09-11T09:13:08.984Z","user":"blt484b7e4e3d1b7f76","version":1},{"environment":"blt22b02b48e27f028c","locale":"en-us","time":"2023-09-11T09:13:08.986Z","user":"blt484b7e4e3d1b7f76","version":1}]},"related_post":[{"uid":"blt42d7314d8b6e64c8","_content_type_uid":"blog_post"},{"uid":"blt04ae2fbeed0939d2","_content_type_uid":"blog_post"}],"is_archived":true,"tags":[],"locale":"en-us","ACL":{},"body":{"attrs":{},"children":[{"type":"p","attrs":{},"children":[{"text":"Envision a future where robots are so integrated into the foundation of human life that they become as common as smartphones. Robotics is a field that has a great potential to improve our lives at work, home, and in-play. They can be a support for learning physical as well as cognitive activities. Robots for years have helped humans do a task that was considered dangerous. Now, the field of robotics has progressed into the exploration of unreachable environments from the depth of the ocean to deep space. "}],"uid":"845fb07d701e4a79bc556b78d51ec104"},{"type":"p","attrs":{},"children":[{"text":"Robots being made capable enough to adapt, learn and interact with human beings and other machines on a cognitive level. Technology has progressed so rapidly that over the past few decades computing has been made indispensable. The digitalization of everything has made human life easy and so accessible. These digitizations put together with robotics assures a future that only existed in one's imagination."}],"uid":"e0f23beae9ee4b949953ba3a5d7c6e11"},{"type":"p","attrs":{},"children":[{"text":"Robots are becoming so capable that they can execute complex computations and interact with the world on their own, with richer sensors and better actuators. With a future close, where robots and humans work alongside is creating many new job opportunities and saving time for humans."}],"uid":"e515359337b746ada86181ab5cfabaf0"},{"type":"p","attrs":{},"children":[{"text":"Robots have only advanced in industrial fields or only in factories but have also come about to do simple human tasks such a mowing our lawns, milking cows, vacuuming the house, serving in restaurants, and so many other areas. In a few years, they will touch even more parts of our lives."}],"uid":"5ddac1f4500d4e6caee001b9d0cfae05"},{"type":"p","attrs":{},"children":[{"text":"Today's robots are still quite limited. They cannot figure things out and their communication is often brittle. It also takes a lot of time to build new robots. The progressive adoption of robots will require integrating robots in the human world rather than integrating humans into the machine world."}],"uid":"0fa9ab5b12f34b5e911b0fc03e6a6c40"},{"type":"p","attrs":{},"children":[{"text":""}],"uid":"cc0ef950c92848a4ba52286f32411919"},{"type":"p","attrs":{},"children":[{"text":""}],"uid":"9172a39262684f6b8668dd5fe2154a7a"}],"type":"doc","uid":"489bcf838f9d4522b4be3730458c6f20","_version":2},"uid":"blteb241d9b5ccd8a5d","_version":2,"_in_progress":false,"publish_details":[{"environment":"blt01211dce8133b19c","locale":"en-us","time":"2023-09-11T09:14:01.592Z","user":"blt484b7e4e3d1b7f76","version":2},{"environment":"bltc482e7f6f847a6e9","locale":"en-us","time":"2023-09-11T09:14:01.595Z","user":"blt484b7e4e3d1b7f76","version":2},{"environment":"blt22b02b48e27f028c","locale":"en-us","time":"2023-09-11T09:14:01.598Z","user":"blt484b7e4e3d1b7f76","version":2}]},"blt04ae2fbeed0939d2":{"title":"The future of business with AI","url":"/blog/the-future-of-business-with-aI","author":[{"uid":"blt89275b84a55e9890","_content_type_uid":"author"}],"date":"2021-02-08T08:15:16.000Z","featured_image":{"uid":"bltc50eca5234d31696","created_at":"2023-09-11T09:13:25.389Z","updated_at":"2023-09-11T09:13:25.389Z","created_by":"blt484b7e4e3d1b7f76","updated_by":"blt484b7e4e3d1b7f76","content_type":"image/svg+xml","file_size":"26826","tags":[],"filename":"business-with-al.svg","url":"https://images.contentstack.io/v3/assets/blt64417387a9900c28/bltc50eca5234d31696/64feda3504316af431cf1668/business-with-al.svg","ACL":[],"is_dir":false,"parent_uid":"blt2328bf9ca02d1acb","_version":1,"title":"Business With Al","description":"","publish_details":[{"environment":"blt01211dce8133b19c","locale":"fr-fr","time":"2023-09-11T09:13:25.896Z","user":"blt484b7e4e3d1b7f76","version":1},{"environment":"bltc482e7f6f847a6e9","locale":"fr-fr","time":"2023-09-11T09:13:25.900Z","user":"blt484b7e4e3d1b7f76","version":1},{"environment":"blt22b02b48e27f028c","locale":"fr-fr","time":"2023-09-11T09:13:25.904Z","user":"blt484b7e4e3d1b7f76","version":1},{"environment":"blt01211dce8133b19c","locale":"en-us","time":"2023-09-11T09:13:25.909Z","user":"blt484b7e4e3d1b7f76","version":1},{"environment":"bltc482e7f6f847a6e9","locale":"en-us","time":"2023-09-11T09:13:25.912Z","user":"blt484b7e4e3d1b7f76","version":1},{"environment":"blt22b02b48e27f028c","locale":"en-us","time":"2023-09-11T09:13:25.915Z","user":"blt484b7e4e3d1b7f76","version":1}]},"related_post":[{"uid":"blteb241d9b5ccd8a5d","_content_type_uid":"blog_post"},{"uid":"blt064136e0d45d9d95","_content_type_uid":"blog_post"}],"is_archived":false,"tags":[],"locale":"en-us","ACL":{},"body":{"attrs":{},"children":[{"type":"p","attrs":{},"children":[{"text":"\"Intelligence is not a skill itself, it's not what you can do, it's how well and how efficiently you can learn new things.\" "}],"uid":"c17e1603eaa240e085a5cb9f04701802"},{"type":"p","attrs":{},"children":[{"text":"Artificial intelligence (AI) is advancing out of research labs and into the business world. Its power is being harnessed by leading companies across numerous industries — from banks examining countless data points in seconds to detect fraud, to call centers deploying chatbots to enhance customer interactions."}],"uid":"a5063cdd24a542d0978c135150077767"},{"type":"p","attrs":{},"children":[{"text":"The recognition of AI in mainstream society might be a new phenomenon, but, it is not a new concept. The field of artificial intelligence came into existence in the year 1956. It took decades of effort to make notable progress in developing an AI system to make it a technological reality. In the business world, artificial intelligence has extensive uses. Most of us daily interact with an artificially intelligent system."}],"uid":"a2763a313d294b1aa793e06dc78b7f82"},{"type":"p","attrs":{},"children":[{"text":"Artificial intelligence is not a replacement for human intelligence, instead, it is a support system. Although AI might not be good at completing simple tasks, it is skilled at processing and analyzing huge sets of data as compared to a human brain. Due to this quick process, business leaders with the help of AI can effectively resolve problems and take prompt decisions."}],"uid":"4c5e4e0acc284fd9874644140079622a"},{"type":"p","attrs":{},"children":[{"text":"Artificial intelligence is kind of the second coming of software,\" said Amir Husain, founder, and CEO of machine learning company SparkCognition. \"It's a form of software that makes decisions on its own, that's able to act even in situations not foreseen by the programmers. Artificial intelligence has a wider latitude of decision-making ability as opposed to traditional software.\""}],"uid":"0ddaf4cb178b4f8687063f67729d7081"},{"type":"p","attrs":{},"children":[{"text":"These traits make artificial intelligence extremely valuable throughout many industries. Artificial intelligence is a vital associate when it comes to looking for loopholes in computer network defenses. With the escalating complexity of cyberattacks, cybersecurity specialists require additional assistance and this where AI is playing a significant role. Perhaps the most superior tool developed might be AI, but just like everything else, it can have useful as well as unfavorable consequences. If AI can be put to use responsibly, transparently, and justly, it would be a boon for businesses advancing towards growth and building a better world."}],"uid":"3fb37e4c3d884e159b7826d43652dcea"}],"type":"doc","uid":"7b38c3b259e4438a888f81e201477325","_version":2},"uid":"blt04ae2fbeed0939d2","_version":2,"_in_progress":false,"publish_details":[{"environment":"blt01211dce8133b19c","locale":"fr-fr","time":"2023-09-11T09:14:01.314Z","user":"blt484b7e4e3d1b7f76","version":2},{"environment":"bltc482e7f6f847a6e9","locale":"fr-fr","time":"2023-09-11T09:14:01.317Z","user":"blt484b7e4e3d1b7f76","version":2},{"environment":"blt22b02b48e27f028c","locale":"fr-fr","time":"2023-09-11T09:14:01.320Z","user":"blt484b7e4e3d1b7f76","version":2},{"environment":"blt01211dce8133b19c","locale":"en-us","time":"2023-09-11T09:14:01.323Z","user":"blt484b7e4e3d1b7f76","version":2},{"environment":"bltc482e7f6f847a6e9","locale":"en-us","time":"2023-09-11T09:14:01.326Z","user":"blt484b7e4e3d1b7f76","version":2},{"environment":"blt22b02b48e27f028c","locale":"en-us","time":"2023-09-11T09:14:01.328Z","user":"blt484b7e4e3d1b7f76","version":2}]},"blt91111f80a4c62d8b":{"title":"Headless CMS: The Solution to Top Challenges in Ecommerce","url":"/blog/headless-cms-the-solution-to-top-challenges-in-ecommerce","author":[{"uid":"blte186f9a397fe2333","_content_type_uid":"author"}],"date":"2021-02-07T08:13:44.000Z","featured_image":{"uid":"blt9036c960842fa00b","created_at":"2023-09-11T09:12:55.957Z","updated_at":"2023-09-11T09:12:55.957Z","created_by":"blt484b7e4e3d1b7f76","updated_by":"blt484b7e4e3d1b7f76","content_type":"image/svg+xml","file_size":"53205","tags":[],"filename":"headless-cms-solution.svg","url":"https://images.contentstack.io/v3/assets/blt64417387a9900c28/blt9036c960842fa00b/64feda175581210a9a4878ec/headless-cms-solution.svg","ACL":[],"is_dir":false,"parent_uid":"blt2328bf9ca02d1acb","_version":1,"title":"Headless CMS Solution","description":"","publish_details":[{"environment":"blt01211dce8133b19c","locale":"fr-fr","time":"2023-09-11T09:12:56.448Z","user":"blt484b7e4e3d1b7f76","version":1},{"environment":"bltc482e7f6f847a6e9","locale":"fr-fr","time":"2023-09-11T09:12:56.453Z","user":"blt484b7e4e3d1b7f76","version":1},{"environment":"blt22b02b48e27f028c","locale":"fr-fr","time":"2023-09-11T09:12:56.458Z","user":"blt484b7e4e3d1b7f76","version":1},{"environment":"blt01211dce8133b19c","locale":"en-us","time":"2023-09-11T09:12:56.465Z","user":"blt484b7e4e3d1b7f76","version":1},{"environment":"bltc482e7f6f847a6e9","locale":"en-us","time":"2023-09-11T09:12:56.469Z","user":"blt484b7e4e3d1b7f76","version":1},{"environment":"blt22b02b48e27f028c","locale":"en-us","time":"2023-09-11T09:12:56.474Z","user":"blt484b7e4e3d1b7f76","version":1}]},"related_post":[{"uid":"bltaf74a86f3d142011","_content_type_uid":"blog_post"},{"uid":"blt04ae2fbeed0939d2","_content_type_uid":"blog_post"}],"is_archived":true,"tags":[],"locale":"en-us","ACL":{},"body":{"attrs":{},"children":[{"type":"p","attrs":{},"children":[{"text":"In a rapidly evolving environment with technology and content demands existing in a multi-channel—and devices—world, Marketers in ecommerce face many unique hurdles that are both challenging and exciting—but can be very stressful."}],"uid":"a39933c8bd5a40309126932e6a8415bf"},{"type":"p","attrs":{},"children":[{"text":"In conversations in the last few years with prospects, most retail organizations believe they lag behind their competitors when it comes to marketing performance and managing the right CMS technology (web content management system). We often see these three common problems that online retailers face today:"}],"uid":"be0144473b13459ab3707693e9b97906"},{"type":"ol","children":[{"type":"li","attrs":{},"children":[{"text":"Large number of SKUs.\nThe number of SKUs and configurations retailers manage can easily reach hundreds of thousands or even millions of options."}],"uid":"33e3ffab3ed7448fb03aa5e45a73185f"},{"type":"li","attrs":{},"children":[{"text":"Breakneck speed promotions.\nWorking at a breakneck speed with weekly sales, promos, and campaigns in between major sales events like Black Friday."}],"uid":"0f11c8fcae3941fda37bb44b0f71745a"},{"type":"li","attrs":{},"children":[{"text":"Juggling different content.\nHandling multiple, unique sales events and projects, all with varying content, different phases and timelines."}],"uid":"a4e2d7898e5f4d9a99dca1bd8fd94be3"}],"id":"0dad4cdeab9a4a828763d763f6199962","attrs":{},"uid":"b92c6320d09d4f068becf3c6377b9c5a"},{"type":"h2","attrs":{},"children":[{"text":"Traditional CMS in Retail"}],"uid":"c90131a90f00462480f663ed53414f12"},{"type":"p","attrs":{},"children":[{"text":"In a traditional CMS, you have to set up many individual installations and, they are all siloed on their own database/infrastructure. Migrating content and pages from one instance to another is often a manual process, or you’ve maybe spent the time and money to automate it with scripts and other technologies that have to be constantly maintained."}],"uid":"de4d58947b6349aebefcdb6d06791474"},{"type":"h2","attrs":{},"children":[{"text":"Headless CMS in Retail"}],"uid":"5ec0139ce1d547afb0ba30ed93e24440"},{"type":"p","attrs":{},"children":[{"text":"With Headless CMS, all of your company’s content is stored centrally. You set up one installation for content and then different \"view\" for each project."}],"uid":"beb98f9feebc41f395a9411b83be4a87"},{"type":"p","attrs":{},"children":[{"text":"Unfortunately, most Headless CMS solutions have only two “views” (APIs) to access content – preview and production."}],"uid":"ee6d1f033a6d423b84a09a9dfd6a2163"},{"type":"p","attrs":{},"children":[{"text":"“Preview” will deliver all content for all projects in the same view whether it’s ready for testing, and regardless of whether the content is relevant to this week’s or next week’s project. “Production” will show all live content, regardless of where you want it to appear. This can make it a nightmare to properly test and stage content each week."}],"uid":"41a7e96f183f45f097a17e9c05ecde27"},{"type":"p","attrs":{},"children":[{"text":"For example, every week you may have sales, ads, and related content to set up and stage. test next week’s promotions if in the same view, you also saw the discounts queued for the week after and some of the marketing content for the upcoming Black Friday sales event."}],"uid":"4eb8f01dc5e34a13a717aabe6c97890c"},{"type":"h2","attrs":{},"children":[{"text":"The Solution – Project Spaces with SampleSite"}],"uid":"4bb65ed9bdac413aac00ccb9ec7ab89f"},{"type":"p","attrs":{},"children":[{"text":"SampleSite solves this by supporting as many project spaces as needed. You can create a project space for each individual event and deliver only the relevant content."}],"uid":"1006856e12e3414fa17386aab58fd417"},{"type":"p","attrs":{},"children":[{"text":"For example, you may have three discounts to set up: one for next week, one for the week after, and a third that spans both weeks. A CMS solution like SampleSite lets businesses create a project view for each testing before the promotions even begin."}],"uid":"9d8704c7e8594622ab3d9daf5e22fb36"},{"type":"p","attrs":{},"children":[{"text":"An added advantage to this approach is that you can easily update the discount and roll it out to both weeks when you need to change it."}],"uid":"7a0f83f62acb40f49ba592e866534e9d"}],"type":"doc","uid":"a1727919d700472983e2dfe701146408","_version":2},"uid":"blt91111f80a4c62d8b","_version":2,"_in_progress":false,"publish_details":[{"environment":"blt01211dce8133b19c","locale":"en-us","time":"2023-09-11T09:14:00.772Z","user":"blt484b7e4e3d1b7f76","version":2},{"environment":"bltc482e7f6f847a6e9","locale":"en-us","time":"2023-09-11T09:14:00.777Z","user":"blt484b7e4e3d1b7f76","version":2},{"environment":"blt22b02b48e27f028c","locale":"en-us","time":"2023-09-11T09:14:00.782Z","user":"blt484b7e4e3d1b7f76","version":2}]},"blt064136e0d45d9d95":{"title":"The  modern Cloud Ecosystem","url":"/blog/the--modern-cloud-ecosystem","author":[{"uid":"blt3045bf9709d4f3e7","_content_type_uid":"author"}],"date":"2021-02-12T09:00:16.000Z","featured_image":{"uid":"bltbe2cc1aa042dbaa1","created_at":"2023-09-11T09:12:56.597Z","updated_at":"2023-09-11T09:12:56.597Z","created_by":"blt484b7e4e3d1b7f76","updated_by":"blt484b7e4e3d1b7f76","content_type":"image/svg+xml","file_size":"47003","tags":[],"filename":"modern-cloud-ecosystem.svg","url":"https://images.contentstack.io/v3/assets/blt64417387a9900c28/bltbe2cc1aa042dbaa1/64feda186d89e4be28f65744/modern-cloud-ecosystem.svg","ACL":[],"is_dir":false,"parent_uid":"blt2328bf9ca02d1acb","_version":1,"title":"Modern Cloud Ecosystem","description":"","publish_details":[{"environment":"blt01211dce8133b19c","locale":"fr-fr","time":"2023-09-11T09:12:57.104Z","user":"blt484b7e4e3d1b7f76","version":1},{"environment":"bltc482e7f6f847a6e9","locale":"fr-fr","time":"2023-09-11T09:12:57.108Z","user":"blt484b7e4e3d1b7f76","version":1},{"environment":"blt22b02b48e27f028c","locale":"fr-fr","time":"2023-09-11T09:12:57.111Z","user":"blt484b7e4e3d1b7f76","version":1},{"environment":"blt01211dce8133b19c","locale":"en-us","time":"2023-09-11T09:12:57.118Z","user":"blt484b7e4e3d1b7f76","version":1},{"environment":"bltc482e7f6f847a6e9","locale":"en-us","time":"2023-09-11T09:12:57.122Z","user":"blt484b7e4e3d1b7f76","version":1},{"environment":"blt22b02b48e27f028c","locale":"en-us","time":"2023-09-11T09:12:57.125Z","user":"blt484b7e4e3d1b7f76","version":1}]},"related_post":[{"uid":"bltaf74a86f3d142011","_content_type_uid":"blog_post"},{"uid":"blt91111f80a4c62d8b","_content_type_uid":"blog_post"}],"tags":[],"locale":"en-us","ACL":{},"is_archived":false,"body":{"attrs":{},"children":[{"type":"p","attrs":{},"children":[{"text":"The hardware and software infrastructures of various companies have continuously transformed digitally over the years. There has been a massive migration from \"on-premise\" systems to cloud deployments. Cloud computing has spurred the technologically advancing industries and continues to be the fundamental factor of an organization's infrastructure and product deployment."}],"uid":"6253e55731ae45919856b1b84a0e94d3"},{"type":"p","attrs":{},"children":[{"text":"To be simply put in a sentence, cloud computing is the process of migrating computing resources such as servers, databases, software, etc., from a local location to a remote cloud location and accessing these resources over the internet."}],"uid":"ca1187f046b644f9bda8b1f2d44f61f0"},{"type":"p","attrs":{},"children":[{"text":"When we hear of cloud computing, the major cloud providers like AWS, Microsoft Azure, and Google Cloud Platform pop into our heads. But cloud computing is not limited to just the services provided by these companies; it is much bigger than that. At its core level, cloud computing is simply a notion for any computing done over the internet, from the software you use on Aa daily basis to the infrastructure your favorite applications run on."}],"uid":"3613bda5823a4750a9c4ec9329699db8"},{"type":"p","attrs":{},"children":[{"text":"Presently, the interdependent components that work together to facilitate cloud services form a complex system, and this system is called the cloud ecosystem. In nature, an ecosystem includes living and non-living things that are connected to work together. In the same way, a cloud ecosystem consists of hardware and software but also includes cloud customers, cloud engineers, consultants, etc."}],"uid":"2243d6812f1042808f123afde8165df7"},{"type":"p","attrs":{},"children":[{"text":"A public cloud provider is at the center of a cloud ecosystem. It could be a PaaS or IaaS provider. From the center radiating are the software companies that use the cloud provider's anchor platform. It also includes consultants and companies that have an alliance with the anchor provider. Since the companies overlap to make a complex ecosystem, there is no vendor lock-in."}],"uid":"571bacb46f5040148e28a909647199ee"},{"type":"p","attrs":{},"children":[{"text":"New business models can be build using a cloud ecosystem. In a cloud ecosystem, it is easy to analyze data on how a new change or update might affect the other parts of the system. Cloud services are on a pay-as-you-go basis which, makes it efficient for customers. With all your resources set up in a cloud-based environment, it is easy to collaborate from anywhere in the world since these resources can be accessed over the internet, thus providing flexibility."}],"uid":"52f074ee6c0b40e4a9f780c99abd2874"}],"type":"doc","uid":"800965f5c2a947358ffad450746d3474","_version":2},"uid":"blt064136e0d45d9d95","_version":2,"_in_progress":false,"publish_details":[{"environment":"blt01211dce8133b19c","locale":"fr-fr","time":"2023-09-11T09:14:01.051Z","user":"blt484b7e4e3d1b7f76","version":2},{"environment":"bltc482e7f6f847a6e9","locale":"fr-fr","time":"2023-09-11T09:14:01.055Z","user":"blt484b7e4e3d1b7f76","version":2},{"environment":"blt22b02b48e27f028c","locale":"fr-fr","time":"2023-09-11T09:14:01.059Z","user":"blt484b7e4e3d1b7f76","version":2},{"environment":"blt01211dce8133b19c","locale":"en-us","time":"2023-09-11T09:14:01.066Z","user":"blt484b7e4e3d1b7f76","version":2},{"environment":"bltc482e7f6f847a6e9","locale":"en-us","time":"2023-09-11T09:14:01.070Z","user":"blt484b7e4e3d1b7f76","version":2},{"environment":"blt22b02b48e27f028c","locale":"en-us","time":"2023-09-11T09:14:01.075Z","user":"blt484b7e4e3d1b7f76","version":2}]}}