{"blta6a176db34773002":{"title":"Charlotte Bronte","picture":{"uid":"bltcac7b3880ea74362","created_at":"2023-09-11T09:12:53.078Z","updated_at":"2023-09-11T09:12:53.078Z","created_by":"blt484b7e4e3d1b7f76","updated_by":"blt484b7e4e3d1b7f76","content_type":"image/png","file_size":"99632","tags":[],"filename":"Charlotte_Bronte_Headshot.png","url":"https://images.contentstack.io/v3/assets/blt64417387a9900c28/bltcac7b3880ea74362/64feda15f2f6312623735966/Charlotte_Bronte_Headshot.png","ACL":[],"is_dir":false,"parent_uid":"blt55a6bfb0201901ec","_version":1,"title":"Charlotte Bronte","description":"","publish_details":[{"environment":"blt01211dce8133b19c","locale":"fr-fr","time":"2023-09-11T09:12:53.616Z","user":"blt484b7e4e3d1b7f76","version":1},{"environment":"bltc482e7f6f847a6e9","locale":"fr-fr","time":"2023-09-11T09:12:53.621Z","user":"blt484b7e4e3d1b7f76","version":1},{"environment":"blt22b02b48e27f028c","locale":"fr-fr","time":"2023-09-11T09:12:53.624Z","user":"blt484b7e4e3d1b7f76","version":1},{"environment":"blt01211dce8133b19c","locale":"en-us","time":"2023-09-11T09:12:53.629Z","user":"blt484b7e4e3d1b7f76","version":1},{"environment":"bltc482e7f6f847a6e9","locale":"en-us","time":"2023-09-11T09:12:53.632Z","user":"blt484b7e4e3d1b7f76","version":1},{"environment":"blt22b02b48e27f028c","locale":"en-us","time":"2023-09-11T09:12:53.635Z","user":"blt484b7e4e3d1b7f76","version":1}]},"bio":"Enlisted in school at Roe Head in January 1831, aged 14 years. She left the year after to teach her sisters, Emily and Anne, at home, returning in 1835 as a governess. In 1839 she undertook the role of governess for the Sidgwick family but left after a few months to return to Haworth where the sisters opened a school but failed to attract pupils. Instead, they turned to writing and they each first published in 1846 under the pseudonyms of Currer, Ellis and Acton Bell. While her first novel, The Professor, was rejected by publishers, her second novel, Jane Eyre, was published in 1847. The sisters admitted to their Bell pseudonyms in 1848, and by the following year were celebrated in London literary circles.","tags":[],"locale":"en-us","ACL":{},"uid":"blta6a176db34773002","_version":1,"_in_progress":false,"publish_details":[{"environment":"blt01211dce8133b19c","locale":"en-us","time":"2023-09-11T09:13:57.821Z","user":"blt484b7e4e3d1b7f76","version":1},{"environment":"bltc482e7f6f847a6e9","locale":"en-us","time":"2023-09-11T09:13:57.823Z","user":"blt484b7e4e3d1b7f76","version":1},{"environment":"blt22b02b48e27f028c","locale":"en-us","time":"2023-09-11T09:13:57.826Z","user":"blt484b7e4e3d1b7f76","version":1}]},"blt3045bf9709d4f3e7":{"title":"Zora Neale Hurston","picture":{"uid":"blte78ebaba582afccc","created_at":"2023-09-11T09:12:58.855Z","updated_at":"2023-09-11T09:12:58.855Z","created_by":"blt484b7e4e3d1b7f76","updated_by":"blt484b7e4e3d1b7f76","content_type":"image/jpeg","file_size":"34781","tags":[],"filename":"Zora_Neale_Hurston_Headshot.jpg","url":"https://images.contentstack.io/v3/assets/blt64417387a9900c28/blte78ebaba582afccc/64feda1a52675b8c66e658dd/Zora_Neale_Hurston_Headshot.jpg","ACL":[],"is_dir":false,"parent_uid":"blt55a6bfb0201901ec","_version":1,"title":"Zora Neale Hurston","description":"","publish_details":[{"environment":"blt01211dce8133b19c","locale":"fr-fr","time":"2023-09-11T09:12:59.420Z","user":"blt484b7e4e3d1b7f76","version":1},{"environment":"bltc482e7f6f847a6e9","locale":"fr-fr","time":"2023-09-11T09:12:59.425Z","user":"blt484b7e4e3d1b7f76","version":1},{"environment":"blt22b02b48e27f028c","locale":"fr-fr","time":"2023-09-11T09:12:59.428Z","user":"blt484b7e4e3d1b7f76","version":1},{"environment":"blt01211dce8133b19c","locale":"en-us","time":"2023-09-11T09:12:59.434Z","user":"blt484b7e4e3d1b7f76","version":1},{"environment":"bltc482e7f6f847a6e9","locale":"en-us","time":"2023-09-11T09:12:59.438Z","user":"blt484b7e4e3d1b7f76","version":1},{"environment":"blt22b02b48e27f028c","locale":"en-us","time":"2023-09-11T09:12:59.440Z","user":"blt484b7e4e3d1b7f76","version":1}]},"bio":"In her early career, Hurston conducted anthropological and ethnographic research while a student at Barnard College and Columbia University. She had an interest in African-American and Caribbean folklore, and how these contributed to the community's identity.","tags":[],"locale":"en-us","ACL":{},"uid":"blt3045bf9709d4f3e7","_version":1,"_in_progress":false,"publish_details":[{"environment":"blt01211dce8133b19c","locale":"en-us","time":"2023-09-11T09:13:58.157Z","user":"blt484b7e4e3d1b7f76","version":1},{"environment":"bltc482e7f6f847a6e9","locale":"en-us","time":"2023-09-11T09:13:58.161Z","user":"blt484b7e4e3d1b7f76","version":1},{"environment":"blt22b02b48e27f028c","locale":"en-us","time":"2023-09-11T09:13:58.164Z","user":"blt484b7e4e3d1b7f76","version":1}]},"blte186f9a397fe2333":{"title":"Charles Dickens","picture":{"uid":"blta9b9c806c12d74ad","created_at":"2023-09-11T09:13:18.269Z","updated_at":"2023-09-11T09:13:18.269Z","created_by":"blt484b7e4e3d1b7f76","updated_by":"blt484b7e4e3d1b7f76","content_type":"image/jpeg","file_size":"31539","tags":[],"filename":"Charles_Dickens_Headshot.jpg","url":"https://images.contentstack.io/v3/assets/blt64417387a9900c28/blta9b9c806c12d74ad/64feda2eac0dd7b116261dcc/Charles_Dickens_Headshot.jpg","ACL":[],"is_dir":false,"parent_uid":"blt55a6bfb0201901ec","_version":1,"title":"Charles Dickens","description":"","publish_details":[{"environment":"blt01211dce8133b19c","locale":"fr-fr","time":"2023-09-11T09:13:18.871Z","user":"blt484b7e4e3d1b7f76","version":1},{"environment":"bltc482e7f6f847a6e9","locale":"fr-fr","time":"2023-09-11T09:13:18.873Z","user":"blt484b7e4e3d1b7f76","version":1},{"environment":"blt22b02b48e27f028c","locale":"fr-fr","time":"2023-09-11T09:13:18.876Z","user":"blt484b7e4e3d1b7f76","version":1},{"environment":"blt01211dce8133b19c","locale":"en-us","time":"2023-09-11T09:13:18.879Z","user":"blt484b7e4e3d1b7f76","version":1},{"environment":"bltc482e7f6f847a6e9","locale":"en-us","time":"2023-09-11T09:13:18.881Z","user":"blt484b7e4e3d1b7f76","version":1},{"environment":"blt22b02b48e27f028c","locale":"en-us","time":"2023-09-11T09:13:18.883Z","user":"blt484b7e4e3d1b7f76","version":1}]},"bio":"Born in Portsmouth, Dickens left school to work in a factory when his father was incarcerated in a debtors' prison. Despite his lack of formal education, he edited a weekly journal for 20 years, wrote 15 novels, five novellas, hundreds of short stories and non-fiction articles, lectured and performed readings extensively, was an indefatigable letter writer, and campaigned vigorously for children's rights, education, and other social reforms.","tags":[],"locale":"en-us","ACL":{},"uid":"blte186f9a397fe2333","_version":1,"_in_progress":false,"publish_details":[{"environment":"blt01211dce8133b19c","locale":"en-us","time":"2023-09-11T09:13:58.364Z","user":"blt484b7e4e3d1b7f76","version":1},{"environment":"bltc482e7f6f847a6e9","locale":"en-us","time":"2023-09-11T09:13:58.367Z","user":"blt484b7e4e3d1b7f76","version":1},{"environment":"blt22b02b48e27f028c","locale":"en-us","time":"2023-09-11T09:13:58.370Z","user":"blt484b7e4e3d1b7f76","version":1}]},"blt89275b84a55e9890":{"title":"Maya Angelou","picture":{"uid":"bltd8670696819fc945","created_at":"2023-09-11T09:13:17.521Z","updated_at":"2023-09-11T09:13:17.521Z","created_by":"blt484b7e4e3d1b7f76","updated_by":"blt484b7e4e3d1b7f76","content_type":"image/jpeg","file_size":"41226","tags":[],"filename":"Maya_Angelou_Headshot.jpg","url":"https://images.contentstack.io/v3/assets/blt64417387a9900c28/bltd8670696819fc945/64feda2d0286e3da2266a6d5/Maya_Angelou_Headshot.jpg","ACL":[],"is_dir":false,"parent_uid":"blt55a6bfb0201901ec","_version":1,"title":"Maya Angelou","description":"","publish_details":[{"environment":"blt01211dce8133b19c","locale":"fr-fr","time":"2023-09-11T09:13:18.116Z","user":"blt484b7e4e3d1b7f76","version":1},{"environment":"bltc482e7f6f847a6e9","locale":"fr-fr","time":"2023-09-11T09:13:18.121Z","user":"blt484b7e4e3d1b7f76","version":1},{"environment":"blt22b02b48e27f028c","locale":"fr-fr","time":"2023-09-11T09:13:18.126Z","user":"blt484b7e4e3d1b7f76","version":1},{"environment":"blt01211dce8133b19c","locale":"en-us","time":"2023-09-11T09:13:18.133Z","user":"blt484b7e4e3d1b7f76","version":1},{"environment":"bltc482e7f6f847a6e9","locale":"en-us","time":"2023-09-11T09:13:18.138Z","user":"blt484b7e4e3d1b7f76","version":1},{"environment":"blt22b02b48e27f028c","locale":"en-us","time":"2023-09-11T09:13:18.143Z","user":"blt484b7e4e3d1b7f76","version":1}]},"bio":"Became a poet and writer after a string of odd jobs during her young adulthood. These included fry cook, sex worker, nightclub performer, Porgy and Bess cast member, Southern Christian Leadership Conference coordinator, and correspondent in Egypt and Ghana during the decolonization of Africa. She was also an actress, writer, director, and producer of plays, movies, and public television programs. In 1982, she was named the first Reynolds Professor of American Studies at Wake Forest University in Winston-Salem, North Carolina. She was active in the Civil Rights Movement and worked with Martin Luther King Jr. and Malcolm X. Beginning in the 1990s, she made approximately 80 appearances a year on the lecture circuit, something she continued into her eighties. In 1993, Angelou recited her poem \"On the Pulse of Morning\" (1993) at the first inauguration of Bill Clinton, making her the first poet to make an inaugural recitation since Robert Frost at the inauguration of John F. Kennedy in 1961.","tags":[],"locale":"en-us","ACL":{},"uid":"blt89275b84a55e9890","_version":1,"_in_progress":false,"publish_details":[{"environment":"blt01211dce8133b19c","locale":"en-us","time":"2023-09-11T09:13:57.414Z","user":"blt484b7e4e3d1b7f76","version":1},{"environment":"bltc482e7f6f847a6e9","locale":"en-us","time":"2023-09-11T09:13:57.419Z","user":"blt484b7e4e3d1b7f76","version":1},{"environment":"blt22b02b48e27f028c","locale":"en-us","time":"2023-09-11T09:13:57.424Z","user":"blt484b7e4e3d1b7f76","version":1}]},"bltf530ed0d3f68f6b6":{"title":"Virginia Woolf","picture":{"uid":"bltc660671d109d6b15","created_at":"2023-09-11T09:13:26.018Z","updated_at":"2023-09-11T09:13:26.018Z","created_by":"blt484b7e4e3d1b7f76","updated_by":"blt484b7e4e3d1b7f76","content_type":"image/jpeg","file_size":"21371","tags":[],"filename":"Virginia_Woolf_Headshot.jpg","url":"https://images.contentstack.io/v3/assets/blt64417387a9900c28/bltc660671d109d6b15/64feda366d89e41e73f65750/Virginia_Woolf_Headshot.jpg","ACL":[],"is_dir":false,"parent_uid":"blt55a6bfb0201901ec","_version":1,"title":"Virginia Woolf","description":"","publish_details":[{"environment":"blt01211dce8133b19c","locale":"fr-fr","time":"2023-09-11T09:13:26.612Z","user":"blt484b7e4e3d1b7f76","version":1},{"environment":"bltc482e7f6f847a6e9","locale":"fr-fr","time":"2023-09-11T09:13:26.617Z","user":"blt484b7e4e3d1b7f76","version":1},{"environment":"blt22b02b48e27f028c","locale":"fr-fr","time":"2023-09-11T09:13:26.620Z","user":"blt484b7e4e3d1b7f76","version":1},{"environment":"blt01211dce8133b19c","locale":"en-us","time":"2023-09-11T09:13:26.625Z","user":"blt484b7e4e3d1b7f76","version":1},{"environment":"bltc482e7f6f847a6e9","locale":"en-us","time":"2023-09-11T09:13:26.628Z","user":"blt484b7e4e3d1b7f76","version":1},{"environment":"blt22b02b48e27f028c","locale":"en-us","time":"2023-09-11T09:13:26.631Z","user":"blt484b7e4e3d1b7f76","version":1}]},"bio":"Woolf was born into an affluent household in South Kensington, London, the seventh child in a blended family of eight which included the modernist painter Vanessa Bell. Her mother was Julia Prinsep Jackson and her father Leslie Stephen. While the boys in the family received college educations, the girls were home-schooled in English classics and Victorian literature. An important influence in Virginia Woolf's early life was the summer home the family used in St Ives, Cornwall, where she first saw the Godrevy Lighthouse, which was to become central in her novel To the Lighthouse (1927).","tags":[],"locale":"en-us","ACL":{},"uid":"bltf530ed0d3f68f6b6","_version":1,"_in_progress":false,"publish_details":[{"environment":"blt01211dce8133b19c","locale":"en-us","time":"2023-09-11T09:13:57.587Z","user":"blt484b7e4e3d1b7f76","version":1},{"environment":"bltc482e7f6f847a6e9","locale":"en-us","time":"2023-09-11T09:13:57.590Z","user":"blt484b7e4e3d1b7f76","version":1},{"environment":"blt22b02b48e27f028c","locale":"en-us","time":"2023-09-11T09:13:57.594Z","user":"blt484b7e4e3d1b7f76","version":1}]},"blt6459fdf03ec5e759":{"title":"W. E. B. Du Bois","picture":{"uid":"blt7e1d147648421cb5","created_at":"2023-09-11T09:13:09.092Z","updated_at":"2023-09-11T09:13:09.092Z","created_by":"blt484b7e4e3d1b7f76","updated_by":"blt484b7e4e3d1b7f76","content_type":"image/jpeg","file_size":"25872","tags":[],"filename":"W._E._B._Du_Bois_Headshot.jpg","url":"https://images.contentstack.io/v3/assets/blt64417387a9900c28/blt7e1d147648421cb5/64feda256d89e4d869f6574c/W._E._B._Du_Bois_Headshot.jpg","ACL":[],"is_dir":false,"parent_uid":"blt55a6bfb0201901ec","_version":1,"title":"W.E. B. Du Bois","description":"","publish_details":[{"environment":"blt01211dce8133b19c","locale":"fr-fr","time":"2023-09-11T09:13:09.674Z","user":"blt484b7e4e3d1b7f76","version":1},{"environment":"bltc482e7f6f847a6e9","locale":"fr-fr","time":"2023-09-11T09:13:09.678Z","user":"blt484b7e4e3d1b7f76","version":1},{"environment":"blt22b02b48e27f028c","locale":"fr-fr","time":"2023-09-11T09:13:09.681Z","user":"blt484b7e4e3d1b7f76","version":1},{"environment":"blt01211dce8133b19c","locale":"en-us","time":"2023-09-11T09:13:09.685Z","user":"blt484b7e4e3d1b7f76","version":1},{"environment":"bltc482e7f6f847a6e9","locale":"en-us","time":"2023-09-11T09:13:09.687Z","user":"blt484b7e4e3d1b7f76","version":1},{"environment":"blt22b02b48e27f028c","locale":"en-us","time":"2023-09-11T09:13:09.690Z","user":"blt484b7e4e3d1b7f76","version":1}]},"bio":"An American sociologist, socialist, historian, civil rights activist, Pan-Africanist, author, writer and editor. Born in Great Barrington, Massachusetts, Du Bois grew up in a relatively tolerant and integrated community, and after completing graduate work at the University of Berlin and Harvard, where he was the first African American to earn a doctorate, he became a professor of history, sociology and economics at Atlanta University. Du Bois was one of the founders of the National Association for the Advancement of Colored People (NAACP) in 1909.","tags":[],"locale":"en-us","ACL":{},"uid":"blt6459fdf03ec5e759","_version":1,"_in_progress":false,"publish_details":[{"environment":"blt01211dce8133b19c","locale":"en-us","time":"2023-09-11T09:13:57.061Z","user":"blt484b7e4e3d1b7f76","version":1},{"environment":"bltc482e7f6f847a6e9","locale":"en-us","time":"2023-09-11T09:13:57.063Z","user":"blt484b7e4e3d1b7f76","version":1},{"environment":"blt22b02b48e27f028c","locale":"en-us","time":"2023-09-11T09:13:57.066Z","user":"blt484b7e4e3d1b7f76","version":1}]},"blta2d574fced142e53":{"title":"Mark Twain","picture":{"uid":"blt443ed7c473649afb","created_at":"2023-09-11T09:13:24.599Z","updated_at":"2023-09-11T09:13:24.599Z","created_by":"blt484b7e4e3d1b7f76","updated_by":"blt484b7e4e3d1b7f76","content_type":"image/jpeg","file_size":"148713","tags":[],"filename":"Mark_Twain_Headshot.jpg","url":"https://images.contentstack.io/v3/assets/blt64417387a9900c28/blt443ed7c473649afb/64feda34da89d3b8b3366896/Mark_Twain_Headshot.jpg","ACL":[],"is_dir":false,"parent_uid":"blt55a6bfb0201901ec","_version":1,"title":"Mark Twain","description":"","publish_details":[{"environment":"blt01211dce8133b19c","locale":"fr-fr","time":"2023-09-11T09:13:25.206Z","user":"blt484b7e4e3d1b7f76","version":1},{"environment":"bltc482e7f6f847a6e9","locale":"fr-fr","time":"2023-09-11T09:13:25.210Z","user":"blt484b7e4e3d1b7f76","version":1},{"environment":"blt22b02b48e27f028c","locale":"fr-fr","time":"2023-09-11T09:13:25.213Z","user":"blt484b7e4e3d1b7f76","version":1},{"environment":"blt01211dce8133b19c","locale":"en-us","time":"2023-09-11T09:13:25.218Z","user":"blt484b7e4e3d1b7f76","version":1},{"environment":"bltc482e7f6f847a6e9","locale":"en-us","time":"2023-09-11T09:13:25.221Z","user":"blt484b7e4e3d1b7f76","version":1},{"environment":"blt22b02b48e27f028c","locale":"en-us","time":"2023-09-11T09:13:25.224Z","user":"blt484b7e4e3d1b7f76","version":1}]},"bio":"Twain was raised in Hannibal, Missouri, which later provided the setting for Tom Sawyer and Huckleberry Finn. He served an apprenticeship with a printer and then worked as a typesetter, contributing articles to the newspaper of his older brother Orion Clemens. He later became a riverboat pilot on the Mississippi River before heading west to join Orion in Nevada. He referred humorously to his lack of success at mining, turning to journalism for the Virginia City Territorial Enterprise. His humorous story, \"The Celebrated Jumping Frog of Calaveras County\", was published in 1865, based on a story that he heard at Angels Hotel in Angels Camp, California, where he had spent some time as a miner. The short story brought international attention and was even translated into French. His wit and satire, in prose and in speech, earned praise from critics and peers, and he was a friend to presidents, artists, industrialists, and European royalty.","tags":[],"locale":"en-us","ACL":{},"uid":"blta2d574fced142e53","_version":1,"_in_progress":false,"publish_details":[{"environment":"blt01211dce8133b19c","locale":"en-us","time":"2023-09-11T09:13:56.843Z","user":"blt484b7e4e3d1b7f76","version":1},{"environment":"bltc482e7f6f847a6e9","locale":"en-us","time":"2023-09-11T09:13:56.848Z","user":"blt484b7e4e3d1b7f76","version":1},{"environment":"blt22b02b48e27f028c","locale":"en-us","time":"2023-09-11T09:13:56.853Z","user":"blt484b7e4e3d1b7f76","version":1}]},"bltc33c8b4a084260d6":{"title":"Jane Austen","picture":{"uid":"bltb353fa0cf4f6bda6","created_at":"2023-09-11T09:13:28.785Z","updated_at":"2023-09-11T09:13:28.785Z","created_by":"blt484b7e4e3d1b7f76","updated_by":"blt484b7e4e3d1b7f76","content_type":"image/jpeg","file_size":"12668","tags":[],"filename":"Jane_Austen_Headshot.jpg","url":"https://images.contentstack.io/v3/assets/blt64417387a9900c28/bltb353fa0cf4f6bda6/64feda38ba0a387c2d54d3fb/Jane_Austen_Headshot.jpg","ACL":[],"is_dir":false,"parent_uid":"blt55a6bfb0201901ec","_version":1,"title":"Jane Austen","description":"","publish_details":[{"environment":"blt01211dce8133b19c","locale":"fr-fr","time":"2023-09-11T09:13:29.295Z","user":"blt484b7e4e3d1b7f76","version":1},{"environment":"bltc482e7f6f847a6e9","locale":"fr-fr","time":"2023-09-11T09:13:29.299Z","user":"blt484b7e4e3d1b7f76","version":1},{"environment":"blt22b02b48e27f028c","locale":"fr-fr","time":"2023-09-11T09:13:29.302Z","user":"blt484b7e4e3d1b7f76","version":1},{"environment":"blt01211dce8133b19c","locale":"en-us","time":"2023-09-11T09:13:29.307Z","user":"blt484b7e4e3d1b7f76","version":1},{"environment":"bltc482e7f6f847a6e9","locale":"en-us","time":"2023-09-11T09:13:29.310Z","user":"blt484b7e4e3d1b7f76","version":1},{"environment":"blt22b02b48e27f028c","locale":"en-us","time":"2023-09-11T09:13:29.313Z","user":"blt484b7e4e3d1b7f76","version":1}]},"bio":"With the publications of Sense and Sensibility (1811), Pride and Prejudice (1813), Mansfield Park (1814) and Emma (1816), she achieved success as a published writer. She wrote two additional novels, Northanger Abbey and Persuasion, both published posthumously in 1818, and began another, eventually titled Sanditon, but died before its completion. She also left behind three volumes of juvenile writings in manuscript, a short epistolary novel Lady Susan, and another unfinished novel, The Watsons. Her six full-length novels have rarely been out of print, although they were published anonymously and brought her moderate success and little fame during her lifetime.","tags":[],"locale":"en-us","ACL":{},"uid":"bltc33c8b4a084260d6","_version":1,"_in_progress":false,"publish_details":[{"environment":"blt01211dce8133b19c","locale":"en-us","time":"2023-09-11T09:13:56.352Z","user":"blt484b7e4e3d1b7f76","version":1},{"environment":"bltc482e7f6f847a6e9","locale":"en-us","time":"2023-09-11T09:13:56.356Z","user":"blt484b7e4e3d1b7f76","version":1},{"environment":"blt22b02b48e27f028c","locale":"en-us","time":"2023-09-11T09:13:56.359Z","user":"blt484b7e4e3d1b7f76","version":1}]},"blt09b47eb49888cd7e":{"title":"Albert Einstein","picture":{"uid":"bltb59e560792f3404f","created_at":"2023-09-11T09:13:29.401Z","updated_at":"2023-09-11T09:13:29.401Z","created_by":"blt484b7e4e3d1b7f76","updated_by":"blt484b7e4e3d1b7f76","content_type":"image/jpeg","file_size":"8494","tags":[],"filename":"AlbertEinstein.jpeg","url":"https://images.contentstack.io/v3/assets/blt64417387a9900c28/bltb59e560792f3404f/64feda396c15891d71a2f190/AlbertEinstein.jpeg","ACL":[],"is_dir":false,"parent_uid":"blt55a6bfb0201901ec","_version":1,"title":"AlbertEinstein.jpeg","publish_details":[{"environment":"blt01211dce8133b19c","locale":"fr-fr","time":"2023-09-11T09:13:30.055Z","user":"blt484b7e4e3d1b7f76","version":1},{"environment":"bltc482e7f6f847a6e9","locale":"fr-fr","time":"2023-09-11T09:13:30.059Z","user":"blt484b7e4e3d1b7f76","version":1},{"environment":"blt22b02b48e27f028c","locale":"fr-fr","time":"2023-09-11T09:13:30.062Z","user":"blt484b7e4e3d1b7f76","version":1},{"environment":"blt01211dce8133b19c","locale":"en-us","time":"2023-09-11T09:13:30.068Z","user":"blt484b7e4e3d1b7f76","version":1},{"environment":"bltc482e7f6f847a6e9","locale":"en-us","time":"2023-09-11T09:13:30.071Z","user":"blt484b7e4e3d1b7f76","version":1},{"environment":"blt22b02b48e27f028c","locale":"en-us","time":"2023-09-11T09:13:30.074Z","user":"blt484b7e4e3d1b7f76","version":1}]},"bio":"World-known physicist.","tags":[],"locale":"en-us","ACL":{},"uid":"blt09b47eb49888cd7e","_version":1,"_in_progress":false,"publish_details":[{"environment":"blt01211dce8133b19c","locale":"en-us","time":"2023-09-11T09:13:56.094Z","user":"blt484b7e4e3d1b7f76","version":1},{"environment":"bltc482e7f6f847a6e9","locale":"en-us","time":"2023-09-11T09:13:56.096Z","user":"blt484b7e4e3d1b7f76","version":1},{"environment":"blt22b02b48e27f028c","locale":"en-us","time":"2023-09-11T09:13:56.099Z","user":"blt484b7e4e3d1b7f76","version":1}]},"blt5180bb8025a9ad5b":{"title":"Benjamin Franklin","picture":{"uid":"blt30e4a29a093edf55","created_at":"2023-09-11T09:13:10.398Z","updated_at":"2023-09-11T09:13:10.398Z","created_by":"blt484b7e4e3d1b7f76","updated_by":"blt484b7e4e3d1b7f76","content_type":"image/jpeg","file_size":"2850","tags":[],"filename":"ben.jpeg","url":"https://images.contentstack.io/v3/assets/blt64417387a9900c28/blt30e4a29a093edf55/64feda26cd2fe73130508293/ben.jpeg","ACL":[],"is_dir":false,"parent_uid":"blt55a6bfb0201901ec","_version":1,"title":"ben.jpeg","publish_details":[{"environment":"blt01211dce8133b19c","locale":"fr-fr","time":"2023-09-11T09:13:11.017Z","user":"blt484b7e4e3d1b7f76","version":1},{"environment":"bltc482e7f6f847a6e9","locale":"fr-fr","time":"2023-09-11T09:13:11.020Z","user":"blt484b7e4e3d1b7f76","version":1},{"environment":"blt22b02b48e27f028c","locale":"fr-fr","time":"2023-09-11T09:13:11.023Z","user":"blt484b7e4e3d1b7f76","version":1},{"environment":"blt01211dce8133b19c","locale":"en-us","time":"2023-09-11T09:13:11.026Z","user":"blt484b7e4e3d1b7f76","version":1},{"environment":"bltc482e7f6f847a6e9","locale":"en-us","time":"2023-09-11T09:13:11.029Z","user":"blt484b7e4e3d1b7f76","version":1},{"environment":"blt22b02b48e27f028c","locale":"en-us","time":"2023-09-11T09:13:11.031Z","user":"blt484b7e4e3d1b7f76","version":1}]},"bio":"Benjamin Franklin FRS FRSA FRSE was an American polymath and one of the Founding Fathers of the United States. Franklin was a leading writer, printer, political philosopher, politician, Freemason, postmaster, scientist, inventor, humorist, civic activist, statesman, and diplomat.","tags":[],"locale":"en-us","ACL":{},"uid":"blt5180bb8025a9ad5b","_version":1,"_in_progress":false,"publish_details":[{"environment":"blt01211dce8133b19c","locale":"en-us","time":"2023-09-11T09:13:56.636Z","user":"blt484b7e4e3d1b7f76","version":1},{"environment":"bltc482e7f6f847a6e9","locale":"en-us","time":"2023-09-11T09:13:56.639Z","user":"blt484b7e4e3d1b7f76","version":1},{"environment":"blt22b02b48e27f028c","locale":"en-us","time":"2023-09-11T09:13:56.642Z","user":"blt484b7e4e3d1b7f76","version":1}]}}