[{"stackHeaders":{"api_key":"blt64417387a9900c28"},"urlPath":"/assets/blt47b33cf8779361b0","uid":"blt47b33cf8779361b0","created_at":"2023-09-11T09:12:47.218Z","updated_at":"2023-09-11T09:12:47.218Z","created_by":"blt484b7e4e3d1b7f76","updated_by":"blt484b7e4e3d1b7f76","content_type":"application/vnd.contenstack.folder","tags":[],"name":"Logo","ACL":{"roles":[],"others":{"read":false,"create":false,"update":false,"delete":false,"sub_acl":{"read":false,"create":false,"update":false,"delete":false,"publish":false}}},"is_dir":true,"parent_uid":null,"_version":1},{"stackHeaders":{"api_key":"blt64417387a9900c28"},"urlPath":"/assets/blt58a28030477557be","uid":"blt58a28030477557be","created_at":"2023-09-11T09:12:47.445Z","updated_at":"2023-09-11T09:12:47.445Z","created_by":"blt484b7e4e3d1b7f76","updated_by":"blt484b7e4e3d1b7f76","content_type":"application/vnd.contenstack.folder","tags":[],"name":"Authors","ACL":{"roles":[],"others":{"read":false,"create":false,"update":false,"delete":false,"sub_acl":{"read":false,"create":false,"update":false,"delete":false,"publish":false}}},"is_dir":true,"parent_uid":null,"_version":1},{"stackHeaders":{"api_key":"blt64417387a9900c28"},"urlPath":"/assets/blt031710a45d594b60","uid":"blt031710a45d594b60","created_at":"2023-09-11T09:12:47.732Z","updated_at":"2023-09-11T09:12:47.732Z","created_by":"blt484b7e4e3d1b7f76","updated_by":"blt484b7e4e3d1b7f76","content_type":"application/vnd.contenstack.folder","tags":[],"name":"Icons","ACL":{"roles":[],"others":{"read":false,"create":false,"update":false,"delete":false,"sub_acl":{"read":false,"create":false,"update":false,"delete":false,"publish":false}}},"is_dir":true,"parent_uid":null,"_version":1},{"stackHeaders":{"api_key":"blt64417387a9900c28"},"urlPath":"/assets/blt2d672d308fa3fd5a","uid":"blt2d672d308fa3fd5a","created_at":"2023-09-11T09:12:47.951Z","updated_at":"2023-09-11T09:12:47.951Z","created_by":"blt484b7e4e3d1b7f76","updated_by":"blt484b7e4e3d1b7f76","content_type":"application/vnd.contenstack.folder","tags":[],"name":"Homepage","ACL":{"roles":[],"others":{"read":false,"create":false,"update":false,"delete":false,"sub_acl":{"read":false,"create":false,"update":false,"delete":false,"publish":false}}},"is_dir":true,"parent_uid":null,"_version":1},{"stackHeaders":{"api_key":"blt64417387a9900c28"},"urlPath":"/assets/blt28990c10bc665141","uid":"blt28990c10bc665141","created_at":"2023-09-11T09:12:48.244Z","updated_at":"2023-09-11T09:12:48.244Z","created_by":"blt484b7e4e3d1b7f76","updated_by":"blt484b7e4e3d1b7f76","content_type":"application/vnd.contenstack.folder","tags":[],"name":"About Us","ACL":{"roles":[],"others":{"read":false,"create":false,"update":false,"delete":false,"sub_acl":{"read":false,"create":false,"update":false,"delete":false,"publish":false}}},"is_dir":true,"parent_uid":null,"_version":1},{"stackHeaders":{"api_key":"blt64417387a9900c28"},"urlPath":"/assets/blt5ca92a5840d2b4e3","uid":"blt5ca92a5840d2b4e3","created_at":"2023-09-11T09:12:48.532Z","updated_at":"2023-09-11T09:12:48.532Z","created_by":"blt484b7e4e3d1b7f76","updated_by":"blt484b7e4e3d1b7f76","content_type":"application/vnd.contenstack.folder","tags":[],"name":"Blogs","ACL":{"roles":[],"others":{"read":false,"create":false,"update":false,"delete":false,"sub_acl":{"read":false,"create":false,"update":false,"delete":false,"publish":false}}},"is_dir":true,"parent_uid":null,"_version":1},{"stackHeaders":{"api_key":"blt64417387a9900c28"},"urlPath":"/assets/blt9dfb6ce70b9f1ab9","uid":"blt9dfb6ce70b9f1ab9","created_at":"2023-09-11T09:12:48.818Z","updated_at":"2023-09-11T09:12:48.818Z","created_by":"blt484b7e4e3d1b7f76","updated_by":"blt484b7e4e3d1b7f76","content_type":"application/vnd.contenstack.folder","tags":[],"name":"Contact","ACL":{"roles":[],"others":{"read":false,"create":false,"update":false,"delete":false,"sub_acl":{"read":false,"create":false,"update":false,"delete":false,"publish":false}}},"is_dir":true,"parent_uid":null,"_version":1},{"stackHeaders":{"api_key":"blt64417387a9900c28"},"urlPath":"/assets/blt310fc3851bcbeae5","uid":"blt310fc3851bcbeae5","created_at":"2023-09-11T09:12:49.102Z","updated_at":"2023-09-11T09:12:49.102Z","created_by":"blt484b7e4e3d1b7f76","updated_by":"blt484b7e4e3d1b7f76","content_type":"application/vnd.contenstack.folder","tags":[],"name":"Contact","ACL":{"roles":[],"others":{"read":false,"create":false,"update":false,"delete":false,"sub_acl":{"read":false,"create":false,"update":false,"delete":false,"publish":false}}},"is_dir":true,"parent_uid":null,"_version":1},{"stackHeaders":{"api_key":"blt64417387a9900c28"},"urlPath":"/assets/blt2328bf9ca02d1acb","uid":"blt2328bf9ca02d1acb","created_at":"2023-09-11T09:12:49.392Z","updated_at":"2023-09-11T09:12:49.392Z","created_by":"blt484b7e4e3d1b7f76","updated_by":"blt484b7e4e3d1b7f76","content_type":"application/vnd.contenstack.folder","tags":[],"name":"Blogs","ACL":{"roles":[],"others":{"read":false,"create":false,"update":false,"delete":false,"sub_acl":{"read":false,"create":false,"update":false,"delete":false,"publish":false}}},"is_dir":true,"parent_uid":null,"_version":1},{"stackHeaders":{"api_key":"blt64417387a9900c28"},"urlPath":"/assets/bltcbe9f25b2e667506","uid":"bltcbe9f25b2e667506","created_at":"2023-09-11T09:12:49.675Z","updated_at":"2023-09-11T09:12:49.675Z","created_by":"blt484b7e4e3d1b7f76","updated_by":"blt484b7e4e3d1b7f76","content_type":"application/vnd.contenstack.folder","tags":[],"name":"About Us","ACL":{"roles":[],"others":{"read":false,"create":false,"update":false,"delete":false,"sub_acl":{"read":false,"create":false,"update":false,"delete":false,"publish":false}}},"is_dir":true,"parent_uid":null,"_version":1},{"stackHeaders":{"api_key":"blt64417387a9900c28"},"urlPath":"/assets/blt000ac09c49823110","uid":"blt000ac09c49823110","created_at":"2023-09-11T09:12:49.965Z","updated_at":"2023-09-11T09:12:49.965Z","created_by":"blt484b7e4e3d1b7f76","updated_by":"blt484b7e4e3d1b7f76","content_type":"application/vnd.contenstack.folder","tags":[],"name":"Homepage","ACL":{"roles":[],"others":{"read":false,"create":false,"update":false,"delete":false,"sub_acl":{"read":false,"create":false,"update":false,"delete":false,"publish":false}}},"is_dir":true,"parent_uid":null,"_version":1},{"stackHeaders":{"api_key":"blt64417387a9900c28"},"urlPath":"/assets/blt293753bf56bacc1f","uid":"blt293753bf56bacc1f","created_at":"2023-09-11T09:12:50.261Z","updated_at":"2023-09-11T09:12:50.261Z","created_by":"blt484b7e4e3d1b7f76","updated_by":"blt484b7e4e3d1b7f76","content_type":"application/vnd.contenstack.folder","tags":[],"name":"Icons","ACL":{"roles":[],"others":{"read":false,"create":false,"update":false,"delete":false,"sub_acl":{"read":false,"create":false,"update":false,"delete":false,"publish":false}}},"is_dir":true,"parent_uid":null,"_version":1},{"stackHeaders":{"api_key":"blt64417387a9900c28"},"urlPath":"/assets/blt55a6bfb0201901ec","uid":"blt55a6bfb0201901ec","created_at":"2023-09-11T09:12:50.550Z","updated_at":"2023-09-11T09:12:50.550Z","created_by":"blt484b7e4e3d1b7f76","updated_by":"blt484b7e4e3d1b7f76","content_type":"application/vnd.contenstack.folder","tags":[],"name":"Authors","ACL":{"roles":[],"others":{"read":false,"create":false,"update":false,"delete":false,"sub_acl":{"read":false,"create":false,"update":false,"delete":false,"publish":false}}},"is_dir":true,"parent_uid":null,"_version":1},{"stackHeaders":{"api_key":"blt64417387a9900c28"},"urlPath":"/assets/blt1757b712ab7dd809","uid":"blt1757b712ab7dd809","created_at":"2023-09-11T09:12:50.838Z","updated_at":"2023-09-11T09:12:50.838Z","created_by":"blt484b7e4e3d1b7f76","updated_by":"blt484b7e4e3d1b7f76","content_type":"application/vnd.contenstack.folder","tags":[],"name":"Logo","ACL":{"roles":[],"others":{"read":false,"create":false,"update":false,"delete":false,"sub_acl":{"read":false,"create":false,"update":false,"delete":false,"publish":false}}},"is_dir":true,"parent_uid":null,"_version":1}]