{"e228956b-e92b-4ce5-a02a-23b6de17c601-assets.json":[{"uid":"blt20a5f3f892325d36","url":"https://images.contentstack.io/v3/assets/blt64417387a9900c28/blt20a5f3f892325d36/64feda132db06c359657cb45/Jane_Austen_Headshot.jpg","filename":"Jane_Austen_Headshot.jpg"},{"uid":"blt71436eec609e6c4e","url":"https://images.contentstack.io/v3/assets/blt64417387a9900c28/blt71436eec609e6c4e/64feda14399b8344375e3831/map-of-brimingham-city.svg","filename":"map-of-brimingham-city.svg"},{"uid":"bltcac7b3880ea74362","url":"https://images.contentstack.io/v3/assets/blt64417387a9900c28/bltcac7b3880ea74362/64feda15f2f6312623735966/Charlotte_Bronte_Headshot.png","filename":"Charlotte_Bronte_Headshot.png"},{"uid":"blt829355e79f49420c","url":"https://images.contentstack.io/v3/assets/blt64417387a9900c28/blt829355e79f49420c/64feda1521091c4a94d03aec/facebook.svg","filename":"facebook.svg"},{"uid":"blte0026341a3fbaea7","url":"https://images.contentstack.io/v3/assets/blt64417387a9900c28/blte0026341a3fbaea7/64feda160530bc10554e00df/artificial-intelligence.svg","filename":"artificial-intelligence.svg"},{"uid":"bltf0633ec49ad797cd","url":"https://images.contentstack.io/v3/assets/blt64417387a9900c28/bltf0633ec49ad797cd/64feda178d1069346b530802/our-story.svg","filename":"our-story.svg"},{"uid":"blt9036c960842fa00b","url":"https://images.contentstack.io/v3/assets/blt64417387a9900c28/blt9036c960842fa00b/64feda175581210a9a4878ec/headless-cms-solution.svg","filename":"headless-cms-solution.svg"},{"uid":"bltbe2cc1aa042dbaa1","url":"https://images.contentstack.io/v3/assets/blt64417387a9900c28/bltbe2cc1aa042dbaa1/64feda186d89e4be28f65744/modern-cloud-ecosystem.svg","filename":"modern-cloud-ecosystem.svg"},{"uid":"blt3b3b3a69fa7a68fb","url":"https://images.contentstack.io/v3/assets/blt64417387a9900c28/blt3b3b3a69fa7a68fb/64feda19e7fbd59b0b1f5878/thomas-crane.svg","filename":"thomas-crane.svg"},{"uid":"blt5a350abdbb45781c","url":"https://images.contentstack.io/v3/assets/blt64417387a9900c28/blt5a350abdbb45781c/64feda1a2815d48106933119/data-mining.svg","filename":"data-mining.svg"},{"uid":"blte78ebaba582afccc","url":"https://images.contentstack.io/v3/assets/blt64417387a9900c28/blte78ebaba582afccc/64feda1a52675b8c66e658dd/Zora_Neale_Hurston_Headshot.jpg","filename":"Zora_Neale_Hurston_Headshot.jpg"},{"uid":"bltdb2452e619d35ee6","url":"https://images.contentstack.io/v3/assets/blt64417387a9900c28/bltdb2452e619d35ee6/64feda1bb3fa2f1513b05971/help-for-the-next-step.svg","filename":"help-for-the-next-step.svg"},{"uid":"blt81671451a5ce4ef0","url":"https://images.contentstack.io/v3/assets/blt64417387a9900c28/blt81671451a5ce4ef0/64feda1c52675b5955e658e1/help-for-the-next-step.svg","filename":"help-for-the-next-step.svg"},{"uid":"bltd31da206daa1df47","url":"https://images.contentstack.io/v3/assets/blt64417387a9900c28/bltd31da206daa1df47/64feda1dd15ec847b0f93104/bucket1.svg","filename":"bucket1.svg"},{"uid":"blt6bf2f9f6d00d9ca6","url":"https://images.contentstack.io/v3/assets/blt64417387a9900c28/blt6bf2f9f6d00d9ca6/64feda1d19f3e45afef60e3d/Instagram.svg","filename":"Instagram.svg"},{"uid":"bltcae41f317aeff802","url":"https://images.contentstack.io/v3/assets/blt64417387a9900c28/bltcae41f317aeff802/64feda1e46aebc023a007f1a/bucket3.svg","filename":"bucket3.svg"},{"uid":"bltec3dba8c13b848f9","url":"https://images.contentstack.io/v3/assets/blt64417387a9900c28/bltec3dba8c13b848f9/64feda1fe5192e1b4b5f033d/cloud-computing.svg","filename":"cloud-computing.svg"},{"uid":"blta627d72697a5eb7b","url":"https://images.contentstack.io/v3/assets/blt64417387a9900c28/blta627d72697a5eb7b/64feda1f9bb34aaa5ede5b91/ben.jpeg","filename":"ben.jpeg"},{"uid":"bltcf0939ead6397a7a","url":"https://images.contentstack.io/v3/assets/blt64417387a9900c28/bltcf0939ead6397a7a/64feda20a636195a389b7465/bucket2.svg","filename":"bucket2.svg"},{"uid":"bltc8498d61301a5abd","url":"https://images.contentstack.io/v3/assets/blt64417387a9900c28/bltc8498d61301a5abd/64feda216c1589691aa2f18c/Icon_Artwork_1.svg","filename":"Icon_Artwork_1.svg"},{"uid":"blt76b19217360e67a6","url":"https://images.contentstack.io/v3/assets/blt64417387a9900c28/blt76b19217360e67a6/64feda211f55ace8e5a1bea9/Twitter.svg","filename":"Twitter.svg"},{"uid":"blt1a32247525cb8463","url":"https://images.contentstack.io/v3/assets/blt64417387a9900c28/blt1a32247525cb8463/64feda223040ed019c9b37a1/map-of-brimingham-city.svg","filename":"map-of-brimingham-city.svg"},{"uid":"bltb6da6e5d10c637d6","url":"https://images.contentstack.io/v3/assets/blt64417387a9900c28/bltb6da6e5d10c637d6/64feda23c7782a7e8e16afcd/about-us.svg","filename":"about-us.svg"},{"uid":"bltf7b2826f649482ba","url":"https://images.contentstack.io/v3/assets/blt64417387a9900c28/bltf7b2826f649482ba/64feda24409183b38ab99941/data-mining.svg","filename":"data-mining.svg"},{"uid":"blt7e1d147648421cb5","url":"https://images.contentstack.io/v3/assets/blt64417387a9900c28/blt7e1d147648421cb5/64feda256d89e4d869f6574c/W._E._B._Du_Bois_Headshot.jpg","filename":"W._E._B._Du_Bois_Headshot.jpg"},{"uid":"blt3b61340f4289a960","url":"https://images.contentstack.io/v3/assets/blt64417387a9900c28/blt3b61340f4289a960/64feda254fed468bf40bb42a/company-logo.svg","filename":"company-logo.svg"},{"uid":"blt30e4a29a093edf55","url":"https://images.contentstack.io/v3/assets/blt64417387a9900c28/blt30e4a29a093edf55/64feda26cd2fe73130508293/ben.jpeg","filename":"ben.jpeg"},{"uid":"blt830b63b82df76676","url":"https://images.contentstack.io/v3/assets/blt64417387a9900c28/blt830b63b82df76676/64feda2774aa653214466b3a/cierra-vega.svg","filename":"cierra-vega.svg"},{"uid":"blte27a8b67fb9877d6","url":"https://images.contentstack.io/v3/assets/blt64417387a9900c28/blte27a8b67fb9877d6/64feda27e7fbd5a5161f587e/headless-cms-solution.svg","filename":"headless-cms-solution.svg"},{"uid":"blt8429465c3e9ac883","url":"https://images.contentstack.io/v3/assets/blt64417387a9900c28/blt8429465c3e9ac883/64feda28409183f386b99945/cslogo.png","filename":"cslogo.png"},{"uid":"bltb29f372186427d78","url":"https://images.contentstack.io/v3/assets/blt64417387a9900c28/bltb29f372186427d78/64feda29a1a2caf43a2ad8bb/Instagram.svg","filename":"Instagram.svg"},{"uid":"bltfff50a7c5f0aa4d8","url":"https://images.contentstack.io/v3/assets/blt64417387a9900c28/bltfff50a7c5f0aa4d8/64feda2959f5d9586103b10b/Icon_Artwork_2.svg","filename":"Icon_Artwork_2.svg"},{"uid":"bltffb7c70166564b22","url":"https://images.contentstack.io/v3/assets/blt64417387a9900c28/bltffb7c70166564b22/64feda2a0e8c6c45a987be54/bucket2.svg","filename":"bucket2.svg"},{"uid":"bltdc892d4a1deb0760","url":"https://images.contentstack.io/v3/assets/blt64417387a9900c28/bltdc892d4a1deb0760/64feda2b7936fa36bbcc9112/bucket1.svg","filename":"bucket1.svg"},{"uid":"blt76692f75d54a05e7","url":"https://images.contentstack.io/v3/assets/blt64417387a9900c28/blt76692f75d54a05e7/64feda2c70664184eb69cef0/traditional-decoupled-_headless-cms.svg","filename":"traditional-decoupled-_headless-cms.svg"},{"uid":"blt163d589b87b4809d","url":"https://images.contentstack.io/v3/assets/blt64417387a9900c28/blt163d589b87b4809d/64feda2c961ad972c2ea8541/business-with-al.svg","filename":"business-with-al.svg"},{"uid":"bltd8670696819fc945","url":"https://images.contentstack.io/v3/assets/blt64417387a9900c28/bltd8670696819fc945/64feda2d0286e3da2266a6d5/Maya_Angelou_Headshot.jpg","filename":"Maya_Angelou_Headshot.jpg"},{"uid":"blta9b9c806c12d74ad","url":"https://images.contentstack.io/v3/assets/blt64417387a9900c28/blta9b9c806c12d74ad/64feda2eac0dd7b116261dcc/Charles_Dickens_Headshot.jpg","filename":"Charles_Dickens_Headshot.jpg"},{"uid":"blte3e33232a31dfd3b","url":"https://images.contentstack.io/v3/assets/blt64417387a9900c28/blte3e33232a31dfd3b/64feda2e399b83619d5e3835/AlbertEinstein.jpeg","filename":"AlbertEinstein.jpeg"},{"uid":"blta9ba2d7b9d47064a","url":"https://images.contentstack.io/v3/assets/blt64417387a9900c28/blta9ba2d7b9d47064a/64feda2fe7628b57aa31a688/cslogo.png","filename":"cslogo.png"},{"uid":"bltfeefa4f852c34433","url":"https://images.contentstack.io/v3/assets/blt64417387a9900c28/bltfeefa4f852c34433/64feda308d10692f95530808/security.svg","filename":"security.svg"},{"uid":"bltcc05cc5bf1f5f070","url":"https://images.contentstack.io/v3/assets/blt64417387a9900c28/bltcc05cc5bf1f5f070/64feda30974d802cdbc9972e/security.svg","filename":"security.svg"},{"uid":"blt80a67837289e5c46","url":"https://images.contentstack.io/v3/assets/blt64417387a9900c28/blt80a67837289e5c46/64feda3104316a667bcf1664/pierre-cox.svg","filename":"pierre-cox.svg"},{"uid":"bltad238e966f854058","url":"https://images.contentstack.io/v3/assets/blt64417387a9900c28/bltad238e966f854058/64feda32f724662882579965/alden-cantrell.svg","filename":"alden-cantrell.svg"},{"uid":"blt195cec7159018dfd","url":"https://images.contentstack.io/v3/assets/blt64417387a9900c28/blt195cec7159018dfd/64feda32b2334f03d0f91151/pierre-cox.svg","filename":"pierre-cox.svg"},{"uid":"blt838e55898b960cbc","url":"https://images.contentstack.io/v3/assets/blt64417387a9900c28/blt838e55898b960cbc/64feda330f269a35646113e1/traditional-decoupled-_headless-cms.svg","filename":"traditional-decoupled-_headless-cms.svg"},{"uid":"blt443ed7c473649afb","url":"https://images.contentstack.io/v3/assets/blt64417387a9900c28/blt443ed7c473649afb/64feda34da89d3b8b3366896/Mark_Twain_Headshot.jpg","filename":"Mark_Twain_Headshot.jpg"},{"uid":"bltc50eca5234d31696","url":"https://images.contentstack.io/v3/assets/blt64417387a9900c28/bltc50eca5234d31696/64feda3504316af431cf1668/business-with-al.svg","filename":"business-with-al.svg"},{"uid":"bltc660671d109d6b15","url":"https://images.contentstack.io/v3/assets/blt64417387a9900c28/bltc660671d109d6b15/64feda366d89e41e73f65750/Virginia_Woolf_Headshot.jpg","filename":"Virginia_Woolf_Headshot.jpg"},{"uid":"blt4648b91a2e21cdcf","url":"https://images.contentstack.io/v3/assets/blt64417387a9900c28/blt4648b91a2e21cdcf/64feda36fcb7080bb89dc402/artificial-intelligence.svg","filename":"artificial-intelligence.svg"},{"uid":"blt9b02e94384a78c17","url":"https://images.contentstack.io/v3/assets/blt64417387a9900c28/blt9b02e94384a78c17/64feda3703c0e6c5d1deef85/Icon_Artwork_1.svg","filename":"Icon_Artwork_1.svg"},{"uid":"blt065fcd42f028f7b3","url":"https://images.contentstack.io/v3/assets/blt64417387a9900c28/blt065fcd42f028f7b3/64feda38aced762aeb7126fd/facebook.svg","filename":"facebook.svg"},{"uid":"bltb353fa0cf4f6bda6","url":"https://images.contentstack.io/v3/assets/blt64417387a9900c28/bltb353fa0cf4f6bda6/64feda38ba0a387c2d54d3fb/Jane_Austen_Headshot.jpg","filename":"Jane_Austen_Headshot.jpg"},{"uid":"bltb59e560792f3404f","url":"https://images.contentstack.io/v3/assets/blt64417387a9900c28/bltb59e560792f3404f/64feda396c15891d71a2f190/AlbertEinstein.jpeg","filename":"AlbertEinstein.jpeg"},{"uid":"blt5159957ec32ae585","url":"https://images.contentstack.io/v3/assets/blt64417387a9900c28/blt5159957ec32ae585/64feda3ae16f24ab1487a5ec/bucket3.svg","filename":"bucket3.svg"},{"uid":"bltaeac937753ca4a8f","url":"https://images.contentstack.io/v3/assets/blt64417387a9900c28/bltaeac937753ca4a8f/64feda3a0530bc389e4e00f9/alden-cantrell.svg","filename":"alden-cantrell.svg"},{"uid":"bltedf9103399466b48","url":"https://images.contentstack.io/v3/assets/blt64417387a9900c28/bltedf9103399466b48/64feda3bc7782a76f916afdd/about-us.svg","filename":"about-us.svg"},{"uid":"bltd489012af816328a","url":"https://images.contentstack.io/v3/assets/blt64417387a9900c28/bltd489012af816328a/64feda3c52675bc404e658e5/winning-digital-strategy.png","filename":"winning-digital-strategy.png"},{"uid":"blt9ad2b54765f0f217","url":"https://images.contentstack.io/v3/assets/blt64417387a9900c28/blt9ad2b54765f0f217/64feda3dbd08a3238923de2f/our-story.svg","filename":"our-story.svg"},{"uid":"bltaab8ffa15fc52925","url":"https://images.contentstack.io/v3/assets/blt64417387a9900c28/bltaab8ffa15fc52925/64feda3dbf8fc2899cdf105d/cierra-vega.svg","filename":"cierra-vega.svg"},{"uid":"blt617a0eed34bcfc02","url":"https://images.contentstack.io/v3/assets/blt64417387a9900c28/blt617a0eed34bcfc02/64feda3e825493b5facf662e/thomas-crane.svg","filename":"thomas-crane.svg"},{"uid":"blt1758a374ed4361cb","url":"https://images.contentstack.io/v3/assets/blt64417387a9900c28/blt1758a374ed4361cb/64feda3f023e374dff149682/modern-cloud-ecosystem.svg","filename":"modern-cloud-ecosystem.svg"},{"uid":"blt0e47284da3ff1e9e","url":"https://images.contentstack.io/v3/assets/blt64417387a9900c28/blt0e47284da3ff1e9e/64feda3f41236889e4898ce6/Zora_Neale_Hurston_Headshot.jpg","filename":"Zora_Neale_Hurston_Headshot.jpg"},{"uid":"blt6bdb5ad9d8511094","url":"https://images.contentstack.io/v3/assets/blt64417387a9900c28/blt6bdb5ad9d8511094/64feda40789241d79f0bed7b/Mark_Twain_Headshot.jpg","filename":"Mark_Twain_Headshot.jpg"},{"uid":"blt5e96343bb9e1bdda","url":"https://images.contentstack.io/v3/assets/blt64417387a9900c28/blt5e96343bb9e1bdda/64feda41f6da662e935a9cfd/Charles_Dickens_Headshot.jpg","filename":"Charles_Dickens_Headshot.jpg"},{"uid":"blt7a99e0456fc1162c","url":"https://images.contentstack.io/v3/assets/blt64417387a9900c28/blt7a99e0456fc1162c/64feda42b2334f8584f91155/winning-digital-strategy.svg","filename":"winning-digital-strategy.svg"},{"uid":"blt7347cd2aa6b3ebea","url":"https://images.contentstack.io/v3/assets/blt64417387a9900c28/blt7347cd2aa6b3ebea/64feda437e19d75eaa115dde/Icon_Artwork_2.svg","filename":"Icon_Artwork_2.svg"},{"uid":"blt8dba676b150a8d46","url":"https://images.contentstack.io/v3/assets/blt64417387a9900c28/blt8dba676b150a8d46/64feda43457cd4a391bc6ff7/Virginia_Woolf_Headshot.jpg","filename":"Virginia_Woolf_Headshot.jpg"},{"uid":"blt03742f2cb991214c","url":"https://images.contentstack.io/v3/assets/blt64417387a9900c28/blt03742f2cb991214c/64feda44974d80e7dec99732/Charlotte_Bronte_Headshot.png","filename":"Charlotte_Bronte_Headshot.png"},{"uid":"blt3054dcd3bbea5724","url":"https://images.contentstack.io/v3/assets/blt64417387a9900c28/blt3054dcd3bbea5724/64feda4557e11a366362ed37/company-logo.svg","filename":"company-logo.svg"},{"uid":"bltdf2b11091fe88803","url":"https://images.contentstack.io/v3/assets/blt64417387a9900c28/bltdf2b11091fe88803/64feda46a4221b1d1337d21d/Maya_Angelou_Headshot.jpg","filename":"Maya_Angelou_Headshot.jpg"},{"uid":"blt49331bb8a60e8d69","url":"https://images.contentstack.io/v3/assets/blt64417387a9900c28/blt49331bb8a60e8d69/64feda46961ad9526bea8545/W._E._B._Du_Bois_Headshot.jpg","filename":"W._E._B._Du_Bois_Headshot.jpg"},{"uid":"blt3d6638e8bc350470","url":"https://images.contentstack.io/v3/assets/blt64417387a9900c28/blt3d6638e8bc350470/64feda4752675bdcf9e658e9/Twitter.svg","filename":"Twitter.svg"},{"uid":"blt6a2fa887281a86f5","url":"https://images.contentstack.io/v3/assets/blt64417387a9900c28/blt6a2fa887281a86f5/64feda48d1835376030be405/cloud-computing.svg","filename":"cloud-computing.svg"}]}